Timestamp,MAC Address,Channel,DS Channel,HT Capabilities,Extended Capabilities,Vendor Specific Tags,SSID,Supported Rates,Extended Supported Rates,VHT Capabilities,HE Capabilities,Length,Label
1625072161.255227,26:48:73:18:ff:30,6,7,2d401bff00000000000000000000000000000000000000000000,0000080400000040,,,82848b96,0c1218243048606c,,23010808180080203002000d009f08000000fdfffdff391cc7711c07,143,iPhone12_W
1625072161.300718,86:b8:89:d5:35:5a,6,5,2d401bff00000000000000000000000000000000000000000000,0000080400000040,,,82848b96,0c1218243048606c,,23010808180080203002000d009f08000000fdfffdff391cc7711c07,143,iPhone12_W
1625072161.346507,d2:a7:fc:a6:e6:12,1,3,2d401bff00000000000000000000000000000000000000000000,0000080400000040,,,82848b96,0c1218243048606c,,23010808180080203002000d009f08000000fdfffdff391cc7711c07,143,iPhone12_W
1625072161.366746,d2:a7:fc:a6:e6:12,1,3,2d401bff00000000000000000000000000000000000000000000,0000080400000040,,,82848b96,0c1218243048606c,,23010808180080203002000d009f08000000fdfffdff391cc7711c07,143,iPhone12_W
1625072161.393848,06:3f:62:63:54:b9,6,8,2d401bff00000000000000000000000000000000000000000000,0000080400000040,,,82848b96,0c1218243048606c,,23010808180080203002000d009f08000000fdfffdff391cc7711c07,143,iPhone12_W
1625072161.414091,06:3f:62:63:54:b9,6,8,2d401bff00000000000000000000000000000000000000000000,0000080400000040,,,82848b96,0c1218243048606c,,23010808180080203002000d009f08000000fdfffdff391cc7711c07,143,iPhone12_W
1625072161.440011,c6:ab:47:ea:78:68,11,11,2d401bff00000000000000000000000000000000000000000000,0000080400000040,,,82848b96,0c1218243048606c,,23010808180080203002000d009f08000000fdfffdff391cc7711c07,131,iPhone12_W
1625072161.460249,c6:ab:47:ea:78:68,11,11,2d401bff00000000000000000000000000000000000000000000,0000080400000040,,,82848b96,0c1218243048606c,,23010808180080203002000d009f08000000fdfffdff391cc7711c07,131,iPhone12_W
1625072161.578283,ba:6f:f3:01:0a:b4,1,2,2d401bff00000000000000000000000000000000000000000000,0000080400000040,,,82848b96,0c1218243048606c,,23010808180080203002000d009f08000000fdfffdff391cc7711c07,143,iPhone12_W
1625072161.598527,ba:6f:f3:01:0a:b4,1,2,2d401bff00000000000000000000000000000000000000000000,0000080400000040,,,82848b96,0c1218243048606c,,23010808180080203002000d009f08000000fdfffdff391cc7711c07,143,iPhone12_W
1625072161.716167,7a:7e:11:71:3f:68,1,1,2d401bff00000000000000000000000000000000000000000000,0000080400000040,,,82848b96,0c1218243048606c,,23010808180080203002000d009f08000000fdfffdff391cc7711c07,143,iPhone12_W
1625072161.736404,7a:7e:11:71:3f:68,1,1,2d401bff00000000000000000000000000000000000000000000,0000080400000040,,,82848b96,0c1218243048606c,,23010808180080203002000d009f08000000fdfffdff391cc7711c07,143,iPhone12_W
1625072161.762286,56:3b:a2:72:00:db,6,6,2d401bff00000000000000000000000000000000000000000000,0000080400000040,,,82848b96,0c1218243048606c,,23010808180080203002000d009f08000000fdfffdff391cc7711c07,143,iPhone12_W
1625072161.857401,52:42:fd:50:2d:1d,6,7,2d401bff00000000000000000000000000000000000000000000,0000080400000040,,,82848b96,0c1218243048606c,,23010808180080203002000d009f08000000fdfffdff391cc7711c07,143,iPhone12_W
1625072161.877641,52:42:fd:50:2d:1d,6,7,2d401bff00000000000000000000000000000000000000000000,0000080400000040,,,82848b96,0c1218243048606c,,23010808180080203002000d009f08000000fdfffdff391cc7711c07,143,iPhone12_W
1625072161.90365,b2:84:d4:0b:7f:dd,6,5,2d401bff00000000000000000000000000000000000000000000,0000080400000040,,,82848b96,0c1218243048606c,,23010808180080203002000d009f08000000fdfffdff391cc7711c07,143,iPhone12_W
1625072161.949779,c6:9e:57:7a:d7:35,11,11,2d401bff00000000000000000000000000000000000000000000,0000080400000040,,,82848b96,0c1218243048606c,,23010808180080203002000d009f08000000fdfffdff391cc7711c07,131,iPhone12_W
1625072161.970036,c6:9e:57:7a:d7:35,11,11,2d401bff00000000000000000000000000000000000000000000,0000080400000040,,,82848b96,0c1218243048606c,,23010808180080203002000d009f08000000fdfffdff391cc7711c07,131,iPhone12_W
1625072161.995869,e6:65:b7:28:fa:3f,1,3,2d401bff00000000000000000000000000000000000000000000,0000080400000040,,,82848b96,0c1218243048606c,,23010808180080203002000d009f08000000fdfffdff391cc7711c07,143,iPhone12_W
1625072162.01613,e6:65:b7:28:fa:3f,1,3,2d401bff00000000000000000000000000000000000000000000,0000080400000040,,,82848b96,0c1218243048606c,,23010808180080203002000d009f08000000fdfffdff391cc7711c07,143,iPhone12_W
1625072162.088605,2e:ac:ad:ee:b5:22,6,6,2d401bff00000000000000000000000000000000000000000000,0000080400000040,,,82848b96,0c1218243048606c,,23010808180080203002000d009f08000000fdfffdff391cc7711c07,143,iPhone12_W
1625072162.134362,32:24:66:49:7b:7e,6,8,2d401bff00000000000000000000000000000000000000000000,0000080400000040,,,82848b96,0c1218243048606c,,23010808180080203002000d009f08000000fdfffdff391cc7711c07,143,iPhone12_W
1625072162.154621,32:24:66:49:7b:7e,6,8,2d401bff00000000000000000000000000000000000000000000,0000080400000040,,,82848b96,0c1218243048606c,,23010808180080203002000d009f08000000fdfffdff391cc7711c07,143,iPhone12_W
1625072162.318851,3a:a5:8a:c7:4f:ad,1,2,2d401bff00000000000000000000000000000000000000000000,0000080400000040,,,82848b96,0c1218243048606c,,23010808180080203002000d009f08000000fdfffdff391cc7711c07,143,iPhone12_W
1625072162.339133,3a:a5:8a:c7:4f:ad,1,2,2d401bff00000000000000000000000000000000000000000000,0000080400000040,,,82848b96,0c1218243048606c,,23010808180080203002000d009f08000000fdfffdff391cc7711c07,143,iPhone12_W
1625072162.364595,82:4f:c6:d5:01:a0,1,1,2d401bff00000000000000000000000000000000000000000000,0000080400000040,,,82848b96,0c1218243048606c,,23010808180080203002000d009f08000000fdfffdff391cc7711c07,143,iPhone12_W
1625072162.384848,82:4f:c6:d5:01:a0,1,1,2d401bff00000000000000000000000000000000000000000000,0000080400000040,,,82848b96,0c1218243048606c,,23010808180080203002000d009f08000000fdfffdff391cc7711c07,143,iPhone12_W
1625072165.849784,e6:30:2e:71:ba:7a,1,1,2d401bff00000000000000000000000000000000000000000000,0000080400000040,,,82848b96,0c1218243048606c,,23010808180080203002000d009f08000000fdfffdff391cc7711c07,143,iPhone12_W
1625072165.870026,e6:30:2e:71:ba:7a,1,1,2d401bff00000000000000000000000000000000000000000000,0000080400000040,,,82848b96,0c1218243048606c,,23010808180080203002000d009f08000000fdfffdff391cc7711c07,143,iPhone12_W
1625072165.916221,f2:b6:d0:6b:01:e4,6,8,2d401bff00000000000000000000000000000000000000000000,0000080400000040,,,82848b96,0c1218243048606c,,23010808180080203002000d009f08000000fdfffdff391cc7711c07,143,iPhone12_W
1625072165.94193,3e:91:b7:59:ff:06,6,5,2d401bff00000000000000000000000000000000000000000000,0000080400000040,,,82848b96,0c1218243048606c,,23010808180080203002000d009f08000000fdfffdff391cc7711c07,143,iPhone12_W
1625072165.962192,3e:91:b7:59:ff:06,6,5,2d401bff00000000000000000000000000000000000000000000,0000080400000040,,,82848b96,0c1218243048606c,,23010808180080203002000d009f08000000fdfffdff391cc7711c07,143,iPhone12_W
1625072165.987715,62:7f:67:d8:95:16,1,3,2d401bff00000000000000000000000000000000000000000000,0000080400000040,,,82848b96,0c1218243048606c,,23010808180080203002000d009f08000000fdfffdff391cc7711c07,143,iPhone12_W
1625072166.007937,62:7f:67:d8:95:16,1,3,2d401bff00000000000000000000000000000000000000000000,0000080400000040,,,82848b96,0c1218243048606c,,23010808180080203002000d009f08000000fdfffdff391cc7711c07,143,iPhone12_W
1625072166.079892,e2:be:73:b1:64:7b,11,11,2d401bff00000000000000000000000000000000000000000000,0000080400000040,,,82848b96,0c1218243048606c,,23010808180080203002000d009f08000000fdfffdff391cc7711c07,131,iPhone12_W
1625072166.100119,e2:be:73:b1:64:7b,11,11,2d401bff00000000000000000000000000000000000000000000,0000080400000040,,,82848b96,0c1218243048606c,,23010808180080203002000d009f08000000fdfffdff391cc7711c07,131,iPhone12_W
1625072166.126131,e2:c2:78:fb:6f:56,1,2,2d401bff00000000000000000000000000000000000000000000,0000080400000040,,,82848b96,0c1218243048606c,,23010808180080203002000d009f08000000fdfffdff391cc7711c07,143,iPhone12_W
1625072166.146397,e2:c2:78:fb:6f:56,1,2,2d401bff00000000000000000000000000000000000000000000,0000080400000040,,,82848b96,0c1218243048606c,,23010808180080203002000d009f08000000fdfffdff391cc7711c07,143,iPhone12_W
1625072166.264004,82:e3:39:f3:e1:f7,6,7,2d401bff00000000000000000000000000000000000000000000,0000080400000040,,,82848b96,0c1218243048606c,,23010808180080203002000d009f08000000fdfffdff391cc7711c07,143,iPhone12_W
1625072166.330145,8e:d7:22:26:67:4f,6,6,2d401bff00000000000000000000000000000000000000000000,0000080400000040,,,82848b96,0c1218243048606c,,23010808180080203002000d009f08000000fdfffdff391cc7711c07,143,iPhone12_W
1625072173.80558,3a:1c:87:6e:ed:11,11,11,2d401bff00000000000000000000000000000000000000000000,0000080400000040,,,82848b96,0c1218243048606c,,23010808180080203002000d009f08000000fdfffdff391cc7711c07,131,iPhone12_W
1625072173.82579,3a:1c:87:6e:ed:11,11,11,2d401bff00000000000000000000000000000000000000000000,0000080400000040,,,82848b96,0c1218243048606c,,23010808180080203002000d009f08000000fdfffdff391cc7711c07,131,iPhone12_W
1625072173.851896,72:66:2b:d8:ed:99,1,2,2d401bff00000000000000000000000000000000000000000000,0000080400000040,,,82848b96,0c1218243048606c,,23010808180080203002000d009f08000000fdfffdff391cc7711c07,143,iPhone12_W
1625072173.872163,72:66:2b:d8:ed:99,1,2,2d401bff00000000000000000000000000000000000000000000,0000080400000040,,,82848b96,0c1218243048606c,,23010808180080203002000d009f08000000fdfffdff391cc7711c07,143,iPhone12_W
1625072173.944101,ae:6c:c7:c5:a8:cc,6,8,2d401bff00000000000000000000000000000000000000000000,0000080400000040,,,82848b96,0c1218243048606c,,23010808180080203002000d009f08000000fdfffdff391cc7711c07,143,iPhone12_W
1625072173.964357,ae:6c:c7:c5:a8:cc,6,8,2d401bff00000000000000000000000000000000000000000000,0000080400000040,,,82848b96,0c1218243048606c,,23010808180080203002000d009f08000000fdfffdff391cc7711c07,143,iPhone12_W
1625072174.037274,6a:99:5f:11:7b:aa,6,5,2d401bff00000000000000000000000000000000000000000000,0000080400000040,,,82848b96,0c1218243048606c,,23010808180080203002000d009f08000000fdfffdff391cc7711c07,143,iPhone12_W
1625072174.057528,6a:99:5f:11:7b:aa,6,5,2d401bff00000000000000000000000000000000000000000000,0000080400000040,,,82848b96,0c1218243048606c,,23010808180080203002000d009f08000000fdfffdff391cc7711c07,143,iPhone12_W
1625072174.082849,36:9d:60:a4:ff:d0,6,7,2d401bff00000000000000000000000000000000000000000000,0000080400000040,,,82848b96,0c1218243048606c,,23010808180080203002000d009f08000000fdfffdff391cc7711c07,143,iPhone12_W
1625072174.103095,36:9d:60:a4:ff:d0,6,7,2d401bff00000000000000000000000000000000000000000000,0000080400000040,,,82848b96,0c1218243048606c,,23010808180080203002000d009f08000000fdfffdff391cc7711c07,143,iPhone12_W
1625072174.174943,5e:ca:3a:6e:9d:82,6,6,2d401bff00000000000000000000000000000000000000000000,0000080400000040,,,82848b96,0c1218243048606c,,23010808180080203002000d009f08000000fdfffdff391cc7711c07,143,iPhone12_W
1625072174.195228,5e:ca:3a:6e:9d:82,6,6,2d401bff00000000000000000000000000000000000000000000,0000080400000040,,,82848b96,0c1218243048606c,,23010808180080203002000d009f08000000fdfffdff391cc7711c07,143,iPhone12_W
1625072174.22076,52:c2:0a:3b:1e:2f,1,3,2d401bff00000000000000000000000000000000000000000000,0000080400000040,,,82848b96,0c1218243048606c,,23010808180080203002000d009f08000000fdfffdff391cc7711c07,143,iPhone12_W
1625072174.240978,52:c2:0a:3b:1e:2f,1,3,2d401bff00000000000000000000000000000000000000000000,0000080400000040,,,82848b96,0c1218243048606c,,23010808180080203002000d009f08000000fdfffdff391cc7711c07,143,iPhone12_W
1625072174.266611,22:44:7a:00:ad:dd,1,1,2d401bff00000000000000000000000000000000000000000000,0000080400000040,,,82848b96,0c1218243048606c,,23010808180080203002000d009f08000000fdfffdff391cc7711c07,143,iPhone12_W
1625072174.28687,22:44:7a:00:ad:dd,1,1,2d401bff00000000000000000000000000000000000000000000,0000080400000040,,,82848b96,0c1218243048606c,,23010808180080203002000d009f08000000fdfffdff391cc7711c07,143,iPhone12_W
1625072178.761045,42:82:20:ac:f8:91,11,11,2d401bff00000000000000000000000000000000000000000000,0000080400000040,,,82848b96,0c1218243048606c,,23010808180080203002000d009f08000000fdfffdff391cc7711c07,131,iPhone12_W
1625072178.816285,42:82:20:ac:f8:91,11,11,2d401bff00000000000000000000000000000000000000000000,0000080400000040,,,82848b96,0c1218243048606c,,23010808180080203002000d009f08000000fdfffdff391cc7711c07,131,iPhone12_W
1625072178.979653,16:ba:58:2e:fd:77,6,6,2d401bff00000000000000000000000000000000000000000000,0000080400000040,,,82848b96,0c1218243048606c,,23010808180080203002000d009f08000000fdfffdff391cc7711c07,143,iPhone12_W
1625072178.999937,16:ba:58:2e:fd:77,6,6,2d401bff00000000000000000000000000000000000000000000,0000080400000040,,,82848b96,0c1218243048606c,,23010808180080203002000d009f08000000fdfffdff391cc7711c07,143,iPhone12_W
1625072179.017859,ee:44:0e:cf:a0:85,1,1,2d401bff00000000000000000000000000000000000000000000,0000080400000040,,,82848b96,0c1218243048606c,,23010808180080203002000d009f08000000fdfffdff391cc7711c07,143,iPhone12_W
1625072179.03812,ee:44:0e:cf:a0:85,1,1,2d401bff00000000000000000000000000000000000000000000,0000080400000040,,,82848b96,0c1218243048606c,,23010808180080203002000d009f08000000fdfffdff391cc7711c07,143,iPhone12_W
1625072179.20898,76:90:d7:2f:9b:e5,6,8,2d401bff00000000000000000000000000000000000000000000,0000080400000040,,,82848b96,0c1218243048606c,,23010808180080203002000d009f08000000fdfffdff391cc7711c07,143,iPhone12_W
1625072179.273114,52:48:1c:07:5a:3a,6,7,2d401bff00000000000000000000000000000000000000000000,0000080400000040,,,82848b96,0c1218243048606c,,23010808180080203002000d009f08000000fdfffdff391cc7711c07,143,iPhone12_W
1625072179.293374,52:48:1c:07:5a:3a,6,7,2d401bff00000000000000000000000000000000000000000000,0000080400000040,,,82848b96,0c1218243048606c,,23010808180080203002000d009f08000000fdfffdff391cc7711c07,143,iPhone12_W
1625072179.365067,ce:7e:ef:33:c6:cc,6,5,2d401bff00000000000000000000000000000000000000000000,0000080400000040,,,82848b96,0c1218243048606c,,23010808180080203002000d009f08000000fdfffdff391cc7711c07,143,iPhone12_W
1625072179.38532,ce:7e:ef:33:c6:cc,6,5,2d401bff00000000000000000000000000000000000000000000,0000080400000040,,,82848b96,0c1218243048606c,,23010808180080203002000d009f08000000fdfffdff391cc7711c07,143,iPhone12_W
1625072179.457296,52:19:dc:a7:0e:48,1,3,2d401bff00000000000000000000000000000000000000000000,0000080400000040,,,82848b96,0c1218243048606c,,23010808180080203002000d009f08000000fdfffdff391cc7711c07,143,iPhone12_W
1625072179.477605,52:19:dc:a7:0e:48,1,3,2d401bff00000000000000000000000000000000000000000000,0000080400000040,,,82848b96,0c1218243048606c,,23010808180080203002000d009f08000000fdfffdff391cc7711c07,143,iPhone12_W
1625072179.549373,02:9e:52:3d:4c:82,1,2,2d401bff00000000000000000000000000000000000000000000,0000080400000040,,,82848b96,0c1218243048606c,,23010808180080203002000d009f08000000fdfffdff391cc7711c07,143,iPhone12_W
1625072179.569641,02:9e:52:3d:4c:82,1,2,2d401bff00000000000000000000000000000000000000000000,0000080400000040,,,82848b96,0c1218243048606c,,23010808180080203002000d009f08000000fdfffdff391cc7711c07,143,iPhone12_W
1625072182.26343,6a:bf:06:f5:95:10,11,11,2d401bff00000000000000000000000000000000000000000000,0000080400000040,,,82848b96,0c1218243048606c,,23010808180080203002000d009f08000000fdfffdff391cc7711c07,131,iPhone12_W
1625072182.283647,6a:bf:06:f5:95:10,11,11,2d401bff00000000000000000000000000000000000000000000,0000080400000040,,,82848b96,0c1218243048606c,,23010808180080203002000d009f08000000fdfffdff391cc7711c07,131,iPhone12_W
1625072182.375844,f6:8d:22:0a:54:ea,6,7,2d401bff00000000000000000000000000000000000000000000,0000080400000040,,,82848b96,0c1218243048606c,,23010808180080203002000d009f08000000fdfffdff391cc7711c07,143,iPhone12_W
1625072182.447574,82:ad:21:15:fa:36,1,2,2d401bff00000000000000000000000000000000000000000000,0000080400000040,,,82848b96,0c1218243048606c,,23010808180080203002000d009f08000000fdfffdff391cc7711c07,143,iPhone12_W
1625072182.467807,82:ad:21:15:fa:36,1,2,2d401bff00000000000000000000000000000000000000000000,0000080400000040,,,82848b96,0c1218243048606c,,23010808180080203002000d009f08000000fdfffdff391cc7711c07,143,iPhone12_W
1625072182.652102,de:74:ee:39:30:b7,6,5,2d401bff00000000000000000000000000000000000000000000,0000080400000040,,,82848b96,0c1218243048606c,,23010808180080203002000d009f08000000fdfffdff391cc7711c07,143,iPhone12_W
1625072182.677749,0e:d5:ec:41:48:66,1,3,2d401bff00000000000000000000000000000000000000000000,0000080400000040,,,82848b96,0c1218243048606c,,23010808180080203002000d009f08000000fdfffdff391cc7711c07,143,iPhone12_W
1625072182.697999,0e:d5:ec:41:48:66,1,3,2d401bff00000000000000000000000000000000000000000000,0000080400000040,,,82848b96,0c1218243048606c,,23010808180080203002000d009f08000000fdfffdff391cc7711c07,143,iPhone12_W
1625072182.723651,7e:e6:4b:59:03:2c,6,8,2d401bff00000000000000000000000000000000000000000000,0000080400000040,,,82848b96,0c1218243048606c,,23010808180080203002000d009f08000000fdfffdff391cc7711c07,143,iPhone12_W
1625072182.743899,7e:e6:4b:59:03:2c,6,8,2d401bff00000000000000000000000000000000000000000000,0000080400000040,,,82848b96,0c1218243048606c,,23010808180080203002000d009f08000000fdfffdff391cc7711c07,143,iPhone12_W
1625072182.769561,f2:38:a9:61:f9:78,1,1,2d401bff00000000000000000000000000000000000000000000,0000080400000040,,,82848b96,0c1218243048606c,,23010808180080203002000d009f08000000fdfffdff391cc7711c07,143,iPhone12_W
1625072182.789836,f2:38:a9:61:f9:78,1,1,2d401bff00000000000000000000000000000000000000000000,0000080400000040,,,82848b96,0c1218243048606c,,23010808180080203002000d009f08000000fdfffdff391cc7711c07,143,iPhone12_W
1625072190.369958,fa:59:25:99:32:33,1,3,2d401bff00000000000000000000000000000000000000000000,0000080400000040,,,82848b96,0c1218243048606c,,23010808180080203002000d009f08000000fdfffdff391cc7711c07,143,iPhone12_W
1625072190.390193,fa:59:25:99:32:33,1,3,2d401bff00000000000000000000000000000000000000000000,0000080400000040,,,82848b96,0c1218243048606c,,23010808180080203002000d009f08000000fdfffdff391cc7711c07,143,iPhone12_W
1625072190.416259,36:2c:21:ef:89:80,6,5,2d401bff00000000000000000000000000000000000000000000,0000080400000040,,,82848b96,0c1218243048606c,,23010808180080203002000d009f08000000fdfffdff391cc7711c07,143,iPhone12_W
1625072190.436519,36:2c:21:ef:89:80,6,5,2d401bff00000000000000000000000000000000000000000000,0000080400000040,,,82848b96,0c1218243048606c,,23010808180080203002000d009f08000000fdfffdff391cc7711c07,143,iPhone12_W
1625072190.462354,3a:9a:9a:c2:93:c6,1,2,2d401bff00000000000000000000000000000000000000000000,0000080400000040,,,82848b96,0c1218243048606c,,23010808180080203002000d009f08000000fdfffdff391cc7711c07,143,iPhone12_W
1625072190.482605,3a:9a:9a:c2:93:c6,1,2,2d401bff00000000000000000000000000000000000000000000,0000080400000040,,,82848b96,0c1218243048606c,,23010808180080203002000d009f08000000fdfffdff391cc7711c07,143,iPhone12_W
1625072190.600488,7a:ad:f4:04:7a:7c,11,11,2d401bff00000000000000000000000000000000000000000000,0000080400000040,,,82848b96,0c1218243048606c,,23010808180080203002000d009f08000000fdfffdff391cc7711c07,131,iPhone12_W
1625072190.620709,7a:ad:f4:04:7a:7c,11,11,2d401bff00000000000000000000000000000000000000000000,0000080400000040,,,82848b96,0c1218243048606c,,23010808180080203002000d009f08000000fdfffdff391cc7711c07,131,iPhone12_W
1625072190.646309,b2:81:9f:5c:1d:b4,6,7,2d401bff00000000000000000000000000000000000000000000,0000080400000040,,,82848b96,0c1218243048606c,,23010808180080203002000d009f08000000fdfffdff391cc7711c07,143,iPhone12_W
1625072190.784647,9a:e1:f0:23:72:fb,6,6,2d401bff00000000000000000000000000000000000000000000,0000080400000040,,,82848b96,0c1218243048606c,,23010808180080203002000d009f08000000fdfffdff391cc7711c07,143,iPhone12_W
1625072190.830514,6e:29:00:11:1a:c4,1,1,2d401bff00000000000000000000000000000000000000000000,0000080400000040,,,82848b96,0c1218243048606c,,23010808180080203002000d009f08000000fdfffdff391cc7711c07,143,iPhone12_W
1625072190.850769,6e:29:00:11:1a:c4,1,1,2d401bff00000000000000000000000000000000000000000000,0000080400000040,,,82848b96,0c1218243048606c,,23010808180080203002000d009f08000000fdfffdff391cc7711c07,143,iPhone12_W
1625072190.922685,a2:66:05:fb:5b:2f,6,8,2d401bff00000000000000000000000000000000000000000000,0000080400000040,,,82848b96,0c1218243048606c,,23010808180080203002000d009f08000000fdfffdff391cc7711c07,143,iPhone12_W
1625072190.942944,a2:66:05:fb:5b:2f,6,8,2d401bff00000000000000000000000000000000000000000000,0000080400000040,,,82848b96,0c1218243048606c,,23010808180080203002000d009f08000000fdfffdff391cc7711c07,143,iPhone12_W
1625072221.853624,4e:9f:86:b9:6b:5e,1,1,2d401bff00000000000000000000000000000000000000000000,0000080400000040,,,82848b96,0c1218243048606c,,23010808180080203002000d009f08000000fdfffdff391cc7711c07,143,iPhone12_W
1625072221.880257,16:80:a4:2a:b4:0a,6,6,2d401bff00000000000000000000000000000000000000000000,0000080400000040,,,82848b96,0c1218243048606c,,23010808180080203002000d009f08000000fdfffdff391cc7711c07,143,iPhone12_W
1625072221.906479,2a:f6:42:55:a7:f9,11,11,2d401bff00000000000000000000000000000000000000000000,0000080400000040,,,82848b96,0c1218243048606c,,23010808180080203002000d009f08000000fdfffdff391cc7711c07,131,iPhone12_W
1625072228.430094,e2:3e:d3:a8:92:f0,1,1,2d401bff00000000000000000000000000000000000000000000,0000080400000040,,,82848b96,0c1218243048606c,,23010808180080203002000d009f08000000fdfffdff391cc7711c07,143,iPhone12_W
1625072228.452142,e2:3e:d3:a8:92:f0,1,1,2d401bff00000000000000000000000000000000000000000000,0000080400000040,,,82848b96,0c1218243048606c,,23010808180080203002000d009f08000000fdfffdff391cc7711c07,143,iPhone12_W
1625072228.476317,86:e9:3c:44:84:74,11,11,2d401bff00000000000000000000000000000000000000000000,0000080400000040,,,82848b96,0c1218243048606c,,23010808180080203002000d009f08000000fdfffdff391cc7711c07,131,iPhone12_W
1625072228.497443,86:e9:3c:44:84:74,11,11,2d401bff00000000000000000000000000000000000000000000,0000080400000040,,,82848b96,0c1218243048606c,,23010808180080203002000d009f08000000fdfffdff391cc7711c07,131,iPhone12_W
1625072228.521981,de:42:11:5f:cf:69,1,3,2d401bff00000000000000000000000000000000000000000000,0000080400000040,,,82848b96,0c1218243048606c,,23010808180080203002000d009f08000000fdfffdff391cc7711c07,143,iPhone12_W
1625072228.542906,de:42:11:5f:cf:69,1,3,2d401bff00000000000000000000000000000000000000000000,0000080400000040,,,82848b96,0c1218243048606c,,23010808180080203002000d009f08000000fdfffdff391cc7711c07,143,iPhone12_W
1625072228.568611,a2:96:7f:2b:ae:bf,1,2,2d401bff00000000000000000000000000000000000000000000,0000080400000040,,,82848b96,0c1218243048606c,,23010808180080203002000d009f08000000fdfffdff391cc7711c07,143,iPhone12_W
1625072228.588871,a2:96:7f:2b:ae:bf,1,2,2d401bff00000000000000000000000000000000000000000000,0000080400000040,,,82848b96,0c1218243048606c,,23010808180080203002000d009f08000000fdfffdff391cc7711c07,143,iPhone12_W
1625072228.614956,7a:99:4c:9b:f4:05,6,4,2d401bff00000000000000000000000000000000000000000000,0000080400000040,,,82848b96,0c1218243048606c,,23010808180080203002000d009f08000000fdfffdff391cc7711c07,143,iPhone12_W
1625072228.635196,7a:99:4c:9b:f4:05,6,4,2d401bff00000000000000000000000000000000000000000000,0000080400000040,,,82848b96,0c1218243048606c,,23010808180080203002000d009f08000000fdfffdff391cc7711c07,143,iPhone12_W
1625072228.680835,1a:5f:8a:54:bd:ef,6,7,2d401bff00000000000000000000000000000000000000000000,0000080400000040,,,82848b96,0c1218243048606c,,23010808180080203002000d009f08000000fdfffdff391cc7711c07,143,iPhone12_W
1625072228.70655,9e:ea:68:b7:b9:ae,6,6,2d401bff00000000000000000000000000000000000000000000,0000080400000040,,,82848b96,0c1218243048606c,,23010808180080203002000d009f08000000fdfffdff391cc7711c07,143,iPhone12_W
1625072228.726823,9e:ea:68:b7:b9:ae,6,6,2d401bff00000000000000000000000000000000000000000000,0000080400000040,,,82848b96,0c1218243048606c,,23010808180080203002000d009f08000000fdfffdff391cc7711c07,143,iPhone12_W
1625072228.752668,12:3f:35:9e:83:a3,6,5,2d401bff00000000000000000000000000000000000000000000,0000080400000040,,,82848b96,0c1218243048606c,,23010808180080203002000d009f08000000fdfffdff391cc7711c07,143,iPhone12_W
1625072228.772948,12:3f:35:9e:83:a3,6,5,2d401bff00000000000000000000000000000000000000000000,0000080400000040,,,82848b96,0c1218243048606c,,23010808180080203002000d009f08000000fdfffdff391cc7711c07,143,iPhone12_W
1625072228.982956,16:d8:db:8d:7a:2f,6,8,2d401bff00000000000000000000000000000000000000000000,0000080400000040,,,82848b96,0c1218243048606c,,23010808180080203002000d009f08000000fdfffdff391cc7711c07,143,iPhone12_W
1625072229.00322,16:d8:db:8d:7a:2f,6,8,2d401bff00000000000000000000000000000000000000000000,0000080400000040,,,82848b96,0c1218243048606c,,23010808180080203002000d009f08000000fdfffdff391cc7711c07,143,iPhone12_W
1625072229.081029,7a:db:10:1e:40:62,1,3,2d401bff00000000000000000000000000000000000000000000,0000080400000040,,,82848b96,0c1218243048606c,,23010808180080203002000d009f08000000fdfffdff391cc7711c07,143,iPhone12_W
1625072229.101289,7a:db:10:1e:40:62,1,3,2d401bff00000000000000000000000000000000000000000000,0000080400000040,,,82848b96,0c1218243048606c,,23010808180080203002000d009f08000000fdfffdff391cc7711c07,143,iPhone12_W
1625072229.21934,16:e5:17:c0:f9:99,1,2,2d401bff00000000000000000000000000000000000000000000,0000080400000040,,,82848b96,0c1218243048606c,,23010808180080203002000d009f08000000fdfffdff391cc7711c07,143,iPhone12_W
1625072229.239598,16:e5:17:c0:f9:99,1,2,2d401bff00000000000000000000000000000000000000000000,0000080400000040,,,82848b96,0c1218243048606c,,23010808180080203002000d009f08000000fdfffdff391cc7711c07,143,iPhone12_W
1625072229.449391,ee:55:f7:54:22:dc,6,7,2d401bff00000000000000000000000000000000000000000000,0000080400000040,,,82848b96,0c1218243048606c,,23010808180080203002000d009f08000000fdfffdff391cc7711c07,143,iPhone12_W
1625072229.46967,ee:55:f7:54:22:dc,6,7,2d401bff00000000000000000000000000000000000000000000,0000080400000040,,,82848b96,0c1218243048606c,,23010808180080203002000d009f08000000fdfffdff391cc7711c07,143,iPhone12_W
1625072229.495381,26:96:46:07:cf:d5,6,5,2d401bff00000000000000000000000000000000000000000000,0000080400000040,,,82848b96,0c1218243048606c,,23010808180080203002000d009f08000000fdfffdff391cc7711c07,143,iPhone12_W
1625072229.541281,92:fb:79:fc:0f:4e,1,1,2d401bff00000000000000000000000000000000000000000000,0000080400000040,,,82848b96,0c1218243048606c,,23010808180080203002000d009f08000000fdfffdff391cc7711c07,143,iPhone12_W
1625072229.561567,92:fb:79:fc:0f:4e,1,1,2d401bff00000000000000000000000000000000000000000000,0000080400000040,,,82848b96,0c1218243048606c,,23010808180080203002000d009f08000000fdfffdff391cc7711c07,143,iPhone12_W
1625072229.587494,5a:d4:5d:63:75:de,11,11,2d401bff00000000000000000000000000000000000000000000,0000080400000040,,,82848b96,0c1218243048606c,,23010808180080203002000d009f08000000fdfffdff391cc7711c07,131,iPhone12_W
1625072229.607726,5a:d4:5d:63:75:de,11,11,2d401bff00000000000000000000000000000000000000000000,0000080400000040,,,82848b96,0c1218243048606c,,23010808180080203002000d009f08000000fdfffdff391cc7711c07,131,iPhone12_W
1625072229.653903,4e:9f:0e:53:cd:88,6,6,2d401bff00000000000000000000000000000000000000000000,0000080400000040,,,82848b96,0c1218243048606c,,23010808180080203002000d009f08000000fdfffdff391cc7711c07,143,iPhone12_W
1625072330.012256,8e:a6:d7:22:53:f5,1,2,2d401bff00000000000000000000000000000000000000000000,0000080400000040,,,82848b96,0c1218243048606c,,23010808180080203002000d009f08000000fdfffdff391cc7711c07,143,iPhone12_W
1625072330.033684,8e:a6:d7:22:53:f5,1,2,2d401bff00000000000000000000000000000000000000000000,0000080400000040,,,82848b96,0c1218243048606c,,23010808180080203002000d009f08000000fdfffdff391cc7711c07,143,iPhone12_W
1625072330.104037,1e:ed:dd:70:50:3c,1,3,2d401bff00000000000000000000000000000000000000000000,0000080400000040,,,82848b96,0c1218243048606c,,23010808180080203002000d009f08000000fdfffdff391cc7711c07,143,iPhone12_W
1625072330.124288,1e:ed:dd:70:50:3c,1,3,2d401bff00000000000000000000000000000000000000000000,0000080400000040,,,82848b96,0c1218243048606c,,23010808180080203002000d009f08000000fdfffdff391cc7711c07,143,iPhone12_W
1625072330.150281,16:4e:b2:e5:2e:85,11,11,2d401bff00000000000000000000000000000000000000000000,0000080400000040,,,82848b96,0c1218243048606c,,23010808180080203002000d009f08000000fdfffdff391cc7711c07,131,iPhone12_W
1625072330.170505,16:4e:b2:e5:2e:85,11,11,2d401bff00000000000000000000000000000000000000000000,0000080400000040,,,82848b96,0c1218243048606c,,23010808180080203002000d009f08000000fdfffdff391cc7711c07,131,iPhone12_W
1625072330.196102,2a:c2:61:c5:ce:11,1,1,2d401bff00000000000000000000000000000000000000000000,0000080400000040,,,82848b96,0c1218243048606c,,23010808180080203002000d009f08000000fdfffdff391cc7711c07,143,iPhone12_W
1625072330.216357,2a:c2:61:c5:ce:11,1,1,2d401bff00000000000000000000000000000000000000000000,0000080400000040,,,82848b96,0c1218243048606c,,23010808180080203002000d009f08000000fdfffdff391cc7711c07,143,iPhone12_W
1625072330.241888,d6:bb:1b:10:0c:e0,6,7,2d401bff00000000000000000000000000000000000000000000,0000080400000040,,,82848b96,0c1218243048606c,,23010808180080203002000d009f08000000fdfffdff391cc7711c07,143,iPhone12_W
1625072330.26213,d6:bb:1b:10:0c:e0,6,7,2d401bff00000000000000000000000000000000000000000000,0000080400000040,,,82848b96,0c1218243048606c,,23010808180080203002000d009f08000000fdfffdff391cc7711c07,143,iPhone12_W
1625072330.334234,aa:94:82:5a:fb:35,6,5,2d401bff00000000000000000000000000000000000000000000,0000080400000040,,,82848b96,0c1218243048606c,,23010808180080203002000d009f08000000fdfffdff391cc7711c07,143,iPhone12_W
1625072330.354483,aa:94:82:5a:fb:35,6,5,2d401bff00000000000000000000000000000000000000000000,0000080400000040,,,82848b96,0c1218243048606c,,23010808180080203002000d009f08000000fdfffdff391cc7711c07,143,iPhone12_W
1625072330.472243,a2:f9:45:9c:d2:a7,6,8,2d401bff00000000000000000000000000000000000000000000,0000080400000040,,,82848b96,0c1218243048606c,,23010808180080203002000d009f08000000fdfffdff391cc7711c07,143,iPhone12_W
1625072330.492477,a2:f9:45:9c:d2:a7,6,8,2d401bff00000000000000000000000000000000000000000000,0000080400000040,,,82848b96,0c1218243048606c,,23010808180080203002000d009f08000000fdfffdff391cc7711c07,143,iPhone12_W
1625072334.495137,96:56:d5:22:a0:08,1,1,2d401bff00000000000000000000000000000000000000000000,0000080400000040,,,82848b96,0c1218243048606c,,23010808180080203002000d009f08000000fdfffdff391cc7711c07,143,iPhone12_W
1625072334.51535,96:56:d5:22:a0:08,1,1,2d401bff00000000000000000000000000000000000000000000,0000080400000040,,,82848b96,0c1218243048606c,,23010808180080203002000d009f08000000fdfffdff391cc7711c07,143,iPhone12_W
1625072334.541301,6e:0a:16:2e:f2:91,6,6,2d401bff00000000000000000000000000000000000000000000,0000080400000040,,,82848b96,0c1218243048606c,,23010808180080203002000d009f08000000fdfffdff391cc7711c07,143,iPhone12_W
1625072334.561552,6e:0a:16:2e:f2:91,6,6,2d401bff00000000000000000000000000000000000000000000,0000080400000040,,,82848b96,0c1218243048606c,,23010808180080203002000d009f08000000fdfffdff391cc7711c07,143,iPhone12_W
1625072334.587223,ee:3f:8b:21:a6:37,1,3,2d401bff00000000000000000000000000000000000000000000,0000080400000040,,,82848b96,0c1218243048606c,,23010808180080203002000d009f08000000fdfffdff391cc7711c07,143,iPhone12_W
1625072334.607469,ee:3f:8b:21:a6:37,1,3,2d401bff00000000000000000000000000000000000000000000,0000080400000040,,,82848b96,0c1218243048606c,,23010808180080203002000d009f08000000fdfffdff391cc7711c07,143,iPhone12_W
1625072334.63313,6e:d6:2c:c1:a0:6f,6,5,2d401bff00000000000000000000000000000000000000000000,0000080400000040,,,82848b96,0c1218243048606c,,23010808180080203002000d009f08000000fdfffdff391cc7711c07,143,iPhone12_W
1625072334.67921,82:7b:16:d7:21:d8,6,8,2d401bff00000000000000000000000000000000000000000000,0000080400000040,,,82848b96,0c1218243048606c,,23010808180080203002000d009f08000000fdfffdff391cc7711c07,143,iPhone12_W
1625072334.69943,82:7b:16:d7:21:d8,6,8,2d401bff00000000000000000000000000000000000000000000,0000080400000040,,,82848b96,0c1218243048606c,,23010808180080203002000d009f08000000fdfffdff391cc7711c07,143,iPhone12_W
1625072334.817156,3a:1c:b3:23:b9:59,6,7,2d401bff00000000000000000000000000000000000000000000,0000080400000040,,,82848b96,0c1218243048606c,,23010808180080203002000d009f08000000fdfffdff391cc7711c07,143,iPhone12_W
1625072334.837403,3a:1c:b3:23:b9:59,6,7,2d401bff00000000000000000000000000000000000000000000,0000080400000040,,,82848b96,0c1218243048606c,,23010808180080203002000d009f08000000fdfffdff391cc7711c07,143,iPhone12_W
1625072334.909352,be:46:df:5a:57:7e,1,2,2d401bff00000000000000000000000000000000000000000000,0000080400000040,,,82848b96,0c1218243048606c,,23010808180080203002000d009f08000000fdfffdff391cc7711c07,143,iPhone12_W
1625072334.929598,be:46:df:5a:57:7e,1,2,2d401bff00000000000000000000000000000000000000000000,0000080400000040,,,82848b96,0c1218243048606c,,23010808180080203002000d009f08000000fdfffdff391cc7711c07,143,iPhone12_W
1625072334.956299,0a:6a:09:28:18:25,11,11,2d401bff00000000000000000000000000000000000000000000,0000080400000040,,,82848b96,0c1218243048606c,,23010808180080203002000d009f08000000fdfffdff391cc7711c07,131,iPhone12_W
1625072334.976492,0a:6a:09:28:18:25,11,11,2d401bff00000000000000000000000000000000000000000000,0000080400000040,,,82848b96,0c1218243048606c,,23010808180080203002000d009f08000000fdfffdff391cc7711c07,131,iPhone12_W
1625072341.597736,4e:07:2e:ba:b3:0b,6,6,2d401bff00000000000000000000000000000000000000000000,0000080400000040,,,82848b96,0c1218243048606c,,23010808180080203002000d009f08000000fdfffdff391cc7711c07,143,iPhone12_W
1625072341.617945,4e:07:2e:ba:b3:0b,6,6,2d401bff00000000000000000000000000000000000000000000,0000080400000040,,,82848b96,0c1218243048606c,,23010808180080203002000d009f08000000fdfffdff391cc7711c07,143,iPhone12_W
1625072341.643945,1e:3b:70:c9:4d:0c,11,11,2d401bff00000000000000000000000000000000000000000000,0000080400000040,,,82848b96,0c1218243048606c,,23010808180080203002000d009f08000000fdfffdff391cc7711c07,131,iPhone12_W
1625072341.664236,1e:3b:70:c9:4d:0c,11,11,2d401bff00000000000000000000000000000000000000000000,0000080400000040,,,82848b96,0c1218243048606c,,23010808180080203002000d009f08000000fdfffdff391cc7711c07,131,iPhone12_W
1625072341.690092,72:43:dd:d3:c3:45,6,8,2d401bff00000000000000000000000000000000000000000000,0000080400000040,,,82848b96,0c1218243048606c,,23010808180080203002000d009f08000000fdfffdff391cc7711c07,143,iPhone12_W
1625072341.73597,c2:00:ae:c6:f5:23,1,1,2d401bff00000000000000000000000000000000000000000000,0000080400000040,,,82848b96,0c1218243048606c,,23010808180080203002000d009f08000000fdfffdff391cc7711c07,143,iPhone12_W
1625072341.75622,c2:00:ae:c6:f5:23,1,1,2d401bff00000000000000000000000000000000000000000000,0000080400000040,,,82848b96,0c1218243048606c,,23010808180080203002000d009f08000000fdfffdff391cc7711c07,143,iPhone12_W
1625072341.781826,66:65:0d:ec:c1:9d,6,7,2d401bff00000000000000000000000000000000000000000000,0000080400000040,,,82848b96,0c1218243048606c,,23010808180080203002000d009f08000000fdfffdff391cc7711c07,143,iPhone12_W
1625072341.802098,66:65:0d:ec:c1:9d,6,7,2d401bff00000000000000000000000000000000000000000000,0000080400000040,,,82848b96,0c1218243048606c,,23010808180080203002000d009f08000000fdfffdff391cc7711c07,143,iPhone12_W
1625072341.873558,16:44:d9:66:f3:3e,1,3,2d401bff00000000000000000000000000000000000000000000,0000080400000040,,,82848b96,0c1218243048606c,,23010808180080203002000d009f08000000fdfffdff391cc7711c07,143,iPhone12_W
1625072341.893813,16:44:d9:66:f3:3e,1,3,2d401bff00000000000000000000000000000000000000000000,0000080400000040,,,82848b96,0c1218243048606c,,23010808180080203002000d009f08000000fdfffdff391cc7711c07,143,iPhone12_W
1625072341.965804,8e:22:94:f6:75:56,1,2,2d401bff00000000000000000000000000000000000000000000,0000080400000040,,,82848b96,0c1218243048606c,,23010808180080203002000d009f08000000fdfffdff391cc7711c07,143,iPhone12_W
1625072341.986098,8e:22:94:f6:75:56,1,2,2d401bff00000000000000000000000000000000000000000000,0000080400000040,,,82848b96,0c1218243048606c,,23010808180080203002000d009f08000000fdfffdff391cc7711c07,143,iPhone12_W
1625072342.011961,c6:49:8c:5f:ee:b7,6,5,2d401bff00000000000000000000000000000000000000000000,0000080400000040,,,82848b96,0c1218243048606c,,23010808180080203002000d009f08000000fdfffdff391cc7711c07,143,iPhone12_W
1625072373.498009,4a:85:cc:01:6c:b4,1,1,2d401bff00000000000000000000000000000000000000000000,0000080400000040,,,82848b96,0c1218243048606c,,23010808180080203002000d009f08000000fdfffdff391cc7711c07,143,iPhone12_W
1625072373.518664,4a:85:cc:01:6c:b4,1,1,2d401bff00000000000000000000000000000000000000000000,0000080400000040,,,82848b96,0c1218243048606c,,23010808180080203002000d009f08000000fdfffdff391cc7711c07,143,iPhone12_W
1625072373.544298,96:dc:01:a5:6e:6d,6,7,2d401bff00000000000000000000000000000000000000000000,0000080400000040,,,82848b96,0c1218243048606c,,23010808180080203002000d009f08000000fdfffdff391cc7711c07,143,iPhone12_W
1625072373.564566,96:dc:01:a5:6e:6d,6,7,2d401bff00000000000000000000000000000000000000000000,0000080400000040,,,82848b96,0c1218243048606c,,23010808180080203002000d009f08000000fdfffdff391cc7711c07,143,iPhone12_W
1625072373.61064,12:a1:a8:9a:1a:15,6,8,2d401bff00000000000000000000000000000000000000000000,0000080400000040,,,82848b96,0c1218243048606c,,23010808180080203002000d009f08000000fdfffdff391cc7711c07,143,iPhone12_W
1625072373.748473,9e:ec:3d:01:64:af,6,5,2d401bff00000000000000000000000000000000000000000000,0000080400000040,,,82848b96,0c1218243048606c,,23010808180080203002000d009f08000000fdfffdff391cc7711c07,143,iPhone12_W
1625072373.820261,72:16:f0:a4:65:a3,11,11,2d401bff00000000000000000000000000000000000000000000,0000080400000040,,,82848b96,0c1218243048606c,,23010808180080203002000d009f08000000fdfffdff391cc7711c07,131,iPhone12_W
1625072373.840515,72:16:f0:a4:65:a3,11,11,2d401bff00000000000000000000000000000000000000000000,0000080400000040,,,82848b96,0c1218243048606c,,23010808180080203002000d009f08000000fdfffdff391cc7711c07,131,iPhone12_W
1625072373.866284,62:38:e8:4d:3f:10,6,6,2d401bff00000000000000000000000000000000000000000000,0000080400000040,,,82848b96,0c1218243048606c,,23010808180080203002000d009f08000000fdfffdff391cc7711c07,143,iPhone12_W
1625072373.88658,62:38:e8:4d:3f:10,6,6,2d401bff00000000000000000000000000000000000000000000,0000080400000040,,,82848b96,0c1218243048606c,,23010808180080203002000d009f08000000fdfffdff391cc7711c07,143,iPhone12_W
1625072373.912558,5a:2f:0c:af:18:7e,1,2,2d401bff00000000000000000000000000000000000000000000,0000080400000040,,,82848b96,0c1218243048606c,,23010808180080203002000d009f08000000fdfffdff391cc7711c07,143,iPhone12_W
1625072373.932804,5a:2f:0c:af:18:7e,1,2,2d401bff00000000000000000000000000000000000000000000,0000080400000040,,,82848b96,0c1218243048606c,,23010808180080203002000d009f08000000fdfffdff391cc7711c07,143,iPhone12_W
1625072373.958515,0a:c4:da:5d:0c:0d,1,3,2d401bff00000000000000000000000000000000000000000000,0000080400000040,,,82848b96,0c1218243048606c,,23010808180080203002000d009f08000000fdfffdff391cc7711c07,143,iPhone12_W
1625072374.101089,be:70:56:4b:7a:a5,1,1,2d401bff00000000000000000000000000000000000000000000,0000080400000040,,,82848b96,0c1218243048606c,,23010808180080203002000d009f08000000fdfffdff391cc7711c07,143,iPhone12_W
1625072374.121354,be:70:56:4b:7a:a5,1,1,2d401bff00000000000000000000000000000000000000000000,0000080400000040,,,82848b96,0c1218243048606c,,23010808180080203002000d009f08000000fdfffdff391cc7711c07,143,iPhone12_W
1625072374.192472,92:59:c7:60:59:79,6,7,2d401bff00000000000000000000000000000000000000000000,0000080400000040,,,82848b96,0c1218243048606c,,23010808180080203002000d009f08000000fdfffdff391cc7711c07,143,iPhone12_W
1625072374.212725,92:59:c7:60:59:79,6,7,2d401bff00000000000000000000000000000000000000000000,0000080400000040,,,82848b96,0c1218243048606c,,23010808180080203002000d009f08000000fdfffdff391cc7711c07,143,iPhone12_W
1625072374.258747,96:de:4c:55:3b:cf,6,8,2d401bff00000000000000000000000000000000000000000000,0000080400000040,,,82848b96,0c1218243048606c,,23010808180080203002000d009f08000000fdfffdff391cc7711c07,143,iPhone12_W
1625072374.33048,8a:53:96:e3:ea:4c,6,6,2d401bff00000000000000000000000000000000000000000000,0000080400000040,,,82848b96,0c1218243048606c,,23010808180080203002000d009f08000000fdfffdff391cc7711c07,143,iPhone12_W
1625072374.350727,8a:53:96:e3:ea:4c,6,6,2d401bff00000000000000000000000000000000000000000000,0000080400000040,,,82848b96,0c1218243048606c,,23010808180080203002000d009f08000000fdfffdff391cc7711c07,143,iPhone12_W
1625072374.376607,36:43:02:f3:e9:b5,11,11,2d401bff00000000000000000000000000000000000000000000,0000080400000040,,,82848b96,0c1218243048606c,,23010808180080203002000d009f08000000fdfffdff391cc7711c07,131,iPhone12_W
1625072374.396871,36:43:02:f3:e9:b5,11,11,2d401bff00000000000000000000000000000000000000000000,0000080400000040,,,82848b96,0c1218243048606c,,23010808180080203002000d009f08000000fdfffdff391cc7711c07,131,iPhone12_W
1625072374.468499,36:2c:0c:48:29:d0,1,3,2d401bff00000000000000000000000000000000000000000000,0000080400000040,,,82848b96,0c1218243048606c,,23010808180080203002000d009f08000000fdfffdff391cc7711c07,143,iPhone12_W
1625072374.488759,36:2c:0c:48:29:d0,1,3,2d401bff00000000000000000000000000000000000000000000,0000080400000040,,,82848b96,0c1218243048606c,,23010808180080203002000d009f08000000fdfffdff391cc7711c07,143,iPhone12_W
1625072374.560848,ce:01:fc:0c:56:fe,6,5,2d401bff00000000000000000000000000000000000000000000,0000080400000040,,,82848b96,0c1218243048606c,,23010808180080203002000d009f08000000fdfffdff391cc7711c07,143,iPhone12_W
1625072374.607016,5e:83:0e:10:a4:30,1,2,2d401bff00000000000000000000000000000000000000000000,0000080400000040,,,82848b96,0c1218243048606c,,23010808180080203002000d009f08000000fdfffdff391cc7711c07,143,iPhone12_W
1625072374.627275,5e:83:0e:10:a4:30,1,2,2d401bff00000000000000000000000000000000000000000000,0000080400000040,,,82848b96,0c1218243048606c,,23010808180080203002000d009f08000000fdfffdff391cc7711c07,143,iPhone12_W
1625072377.923623,fe:65:96:0c:0c:52,1,1,2d401bff00000000000000000000000000000000000000000000,0000080400000040,,,82848b96,0c1218243048606c,,23010808180080203002000d009f08000000fdfffdff391cc7711c07,143,iPhone12_W
1625072377.943883,fe:65:96:0c:0c:52,1,1,2d401bff00000000000000000000000000000000000000000000,0000080400000040,,,82848b96,0c1218243048606c,,23010808180080203002000d009f08000000fdfffdff391cc7711c07,143,iPhone12_W
1625072378.016442,b6:2c:49:32:60:16,11,11,2d401bff00000000000000000000000000000000000000000000,0000080400000040,,,82848b96,0c1218243048606c,,23010808180080203002000d009f08000000fdfffdff391cc7711c07,131,iPhone12_W
1625072378.03667,b6:2c:49:32:60:16,11,11,2d401bff00000000000000000000000000000000000000000000,0000080400000040,,,82848b96,0c1218243048606c,,23010808180080203002000d009f08000000fdfffdff391cc7711c07,131,iPhone12_W
1625072378.062644,ea:63:ed:76:4a:88,1,2,2d401bff00000000000000000000000000000000000000000000,0000080400000040,,,82848b96,0c1218243048606c,,23010808180080203002000d009f08000000fdfffdff391cc7711c07,143,iPhone12_W
1625072378.082886,ea:63:ed:76:4a:88,1,2,2d401bff00000000000000000000000000000000000000000000,0000080400000040,,,82848b96,0c1218243048606c,,23010808180080203002000d009f08000000fdfffdff391cc7711c07,143,iPhone12_W
1625072378.154642,a6:c8:49:53:7a:93,6,6,2d401bff00000000000000000000000000000000000000000000,0000080400000040,,,82848b96,0c1218243048606c,,23010808180080203002000d009f08000000fdfffdff391cc7711c07,143,iPhone12_W
1625072378.174897,a6:c8:49:53:7a:93,6,6,2d401bff00000000000000000000000000000000000000000000,0000080400000040,,,82848b96,0c1218243048606c,,23010808180080203002000d009f08000000fdfffdff391cc7711c07,143,iPhone12_W
1625072378.246589,6e:59:d8:ac:a3:af,6,8,2d401bff00000000000000000000000000000000000000000000,0000080400000040,,,82848b96,0c1218243048606c,,23010808180080203002000d009f08000000fdfffdff391cc7711c07,143,iPhone12_W
1625072378.266848,6e:59:d8:ac:a3:af,6,8,2d401bff00000000000000000000000000000000000000000000,0000080400000040,,,82848b96,0c1218243048606c,,23010808180080203002000d009f08000000fdfffdff391cc7711c07,143,iPhone12_W
1625072378.384529,02:b8:33:24:4b:a7,1,3,2d401bff00000000000000000000000000000000000000000000,0000080400000040,,,82848b96,0c1218243048606c,,23010808180080203002000d009f08000000fdfffdff391cc7711c07,143,iPhone12_W
1625072378.404805,02:b8:33:24:4b:a7,1,3,2d401bff00000000000000000000000000000000000000000000,0000080400000040,,,82848b96,0c1218243048606c,,23010808180080203002000d009f08000000fdfffdff391cc7711c07,143,iPhone12_W
1625072385.300441,82:ab:01:ad:b0:ff,6,8,2d401bff00000000000000000000000000000000000000000000,0000080400000040,,,82848b96,0c1218243048606c,,23010808180080203002000d009f08000000fdfffdff391cc7711c07,143,iPhone12_W
1625072385.320677,82:ab:01:ad:b0:ff,6,8,2d401bff00000000000000000000000000000000000000000000,0000080400000040,,,82848b96,0c1218243048606c,,23010808180080203002000d009f08000000fdfffdff391cc7711c07,143,iPhone12_W
1625072385.392722,82:4b:21:4d:92:15,6,5,2d401bff00000000000000000000000000000000000000000000,0000080400000040,,,82848b96,0c1218243048606c,,23010808180080203002000d009f08000000fdfffdff391cc7711c07,143,iPhone12_W
1625072385.412977,82:4b:21:4d:92:15,6,5,2d401bff00000000000000000000000000000000000000000000,0000080400000040,,,82848b96,0c1218243048606c,,23010808180080203002000d009f08000000fdfffdff391cc7711c07,143,iPhone12_W
1625072385.438539,6a:7d:ce:4f:ce:cc,1,3,2d401bff00000000000000000000000000000000000000000000,0000080400000040,,,82848b96,0c1218243048606c,,23010808180080203002000d009f08000000fdfffdff391cc7711c07,143,iPhone12_W
1625072385.458814,6a:7d:ce:4f:ce:cc,1,3,2d401bff00000000000000000000000000000000000000000000,0000080400000040,,,82848b96,0c1218243048606c,,23010808180080203002000d009f08000000fdfffdff391cc7711c07,143,iPhone12_W
1625072385.484476,82:33:e1:14:5d:70,6,6,2d401bff00000000000000000000000000000000000000000000,0000080400000040,,,82848b96,0c1218243048606c,,23010808180080203002000d009f08000000fdfffdff391cc7711c07,143,iPhone12_W
1625072385.530432,fe:9d:55:a5:9f:4a,1,1,2d401bff00000000000000000000000000000000000000000000,0000080400000040,,,82848b96,0c1218243048606c,,23010808180080203002000d009f08000000fdfffdff391cc7711c07,143,iPhone12_W
1625072385.550685,fe:9d:55:a5:9f:4a,1,1,2d401bff00000000000000000000000000000000000000000000,0000080400000040,,,82848b96,0c1218243048606c,,23010808180080203002000d009f08000000fdfffdff391cc7711c07,143,iPhone12_W
1625072385.57665,ce:8a:ce:0a:86:d3,11,11,2d401bff00000000000000000000000000000000000000000000,0000080400000040,,,82848b96,0c1218243048606c,,23010808180080203002000d009f08000000fdfffdff391cc7711c07,131,iPhone12_W
1625072385.596949,ce:8a:ce:0a:86:d3,11,11,2d401bff00000000000000000000000000000000000000000000,0000080400000040,,,82848b96,0c1218243048606c,,23010808180080203002000d009f08000000fdfffdff391cc7711c07,131,iPhone12_W
1625072385.668794,f6:b8:40:47:3e:4a,1,2,2d401bff00000000000000000000000000000000000000000000,0000080400000040,,,82848b96,0c1218243048606c,,23010808180080203002000d009f08000000fdfffdff391cc7711c07,143,iPhone12_W
1625072385.68911,f6:b8:40:47:3e:4a,1,2,2d401bff00000000000000000000000000000000000000000000,0000080400000040,,,82848b96,0c1218243048606c,,23010808180080203002000d009f08000000fdfffdff391cc7711c07,143,iPhone12_W
1625072385.760942,aa:34:15:16:75:70,6,7,2d401bff00000000000000000000000000000000000000000000,0000080400000040,,,82848b96,0c1218243048606c,,23010808180080203002000d009f08000000fdfffdff391cc7711c07,143,iPhone12_W
1625072385.781187,aa:34:15:16:75:70,6,7,2d401bff00000000000000000000000000000000000000000000,0000080400000040,,,82848b96,0c1218243048606c,,23010808180080203002000d009f08000000fdfffdff391cc7711c07,143,iPhone12_W
1625072396.679143,1e:01:37:f0:9d:07,11,11,2d401bff00000000000000000000000000000000000000000000,0000080400000040,,,82848b96,0c1218243048606c,,23010808180080203002000d009f08000000fdfffdff391cc7711c07,131,iPhone12_W
1625072396.699369,1e:01:37:f0:9d:07,11,11,2d401bff00000000000000000000000000000000000000000000,0000080400000040,,,82848b96,0c1218243048606c,,23010808180080203002000d009f08000000fdfffdff391cc7711c07,131,iPhone12_W
1625072396.725564,be:c6:64:d4:a1:e5,6,6,2d401bff00000000000000000000000000000000000000000000,0000080400000040,,,82848b96,0c1218243048606c,,23010808180080203002000d009f08000000fdfffdff391cc7711c07,143,iPhone12_W
1625072396.745838,be:c6:64:d4:a1:e5,6,6,2d401bff00000000000000000000000000000000000000000000,0000080400000040,,,82848b96,0c1218243048606c,,23010808180080203002000d009f08000000fdfffdff391cc7711c07,143,iPhone12_W
1625072396.771412,1e:4a:50:e1:48:fb,1,1,2d401bff00000000000000000000000000000000000000000000,0000080400000040,,,82848b96,0c1218243048606c,,23010808180080203002000d009f08000000fdfffdff391cc7711c07,143,iPhone12_W
1625072396.791661,1e:4a:50:e1:48:fb,1,1,2d401bff00000000000000000000000000000000000000000000,0000080400000040,,,82848b96,0c1218243048606c,,23010808180080203002000d009f08000000fdfffdff391cc7711c07,143,iPhone12_W
1625072399.017879,9e:07:2c:27:6e:1e,6,5,2d401bff00000000000000000000000000000000000000000000,0000080400000040,,,82848b96,0c1218243048606c,,23010808180080203002000d009f08000000fdfffdff391cc7711c07,143,iPhone12_W
1625072399.038132,9e:07:2c:27:6e:1e,6,5,2d401bff00000000000000000000000000000000000000000000,0000080400000040,,,82848b96,0c1218243048606c,,23010808180080203002000d009f08000000fdfffdff391cc7711c07,143,iPhone12_W
1625072399.156236,fa:91:68:38:e5:f9,1,2,2d401bff00000000000000000000000000000000000000000000,0000080400000040,,,82848b96,0c1218243048606c,,23010808180080203002000d009f08000000fdfffdff391cc7711c07,143,iPhone12_W
1625072399.176467,fa:91:68:38:e5:f9,1,2,2d401bff00000000000000000000000000000000000000000000,0000080400000040,,,82848b96,0c1218243048606c,,23010808180080203002000d009f08000000fdfffdff391cc7711c07,143,iPhone12_W
1625072399.202008,1a:ec:29:1f:39:6f,6,7,2d401bff00000000000000000000000000000000000000000000,0000080400000040,,,82848b96,0c1218243048606c,,23010808180080203002000d009f08000000fdfffdff391cc7711c07,143,iPhone12_W
1625072399.222274,1a:ec:29:1f:39:6f,6,7,2d401bff00000000000000000000000000000000000000000000,0000080400000040,,,82848b96,0c1218243048606c,,23010808180080203002000d009f08000000fdfffdff391cc7711c07,143,iPhone12_W
1625072399.294134,4e:85:52:74:1f:44,1,1,2d401bff00000000000000000000000000000000000000000000,0000080400000040,,,82848b96,0c1218243048606c,,23010808180080203002000d009f08000000fdfffdff391cc7711c07,143,iPhone12_W
1625072399.314375,4e:85:52:74:1f:44,1,1,2d401bff00000000000000000000000000000000000000000000,0000080400000040,,,82848b96,0c1218243048606c,,23010808180080203002000d009f08000000fdfffdff391cc7711c07,143,iPhone12_W
1625072399.34029,ee:d6:bb:29:c9:cd,6,8,2d401bff00000000000000000000000000000000000000000000,0000080400000040,,,82848b96,0c1218243048606c,,23010808180080203002000d009f08000000fdfffdff391cc7711c07,143,iPhone12_W
1625072399.36059,ee:d6:bb:29:c9:cd,6,8,2d401bff00000000000000000000000000000000000000000000,0000080400000040,,,82848b96,0c1218243048606c,,23010808180080203002000d009f08000000fdfffdff391cc7711c07,143,iPhone12_W
1625072399.432214,46:5b:ce:ef:fc:bf,6,6,2d401bff00000000000000000000000000000000000000000000,0000080400000040,,,82848b96,0c1218243048606c,,23010808180080203002000d009f08000000fdfffdff391cc7711c07,143,iPhone12_W
1625072399.452435,46:5b:ce:ef:fc:bf,6,6,2d401bff00000000000000000000000000000000000000000000,0000080400000040,,,82848b96,0c1218243048606c,,23010808180080203002000d009f08000000fdfffdff391cc7711c07,143,iPhone12_W
1625072399.478537,92:3e:4a:47:56:44,11,11,2d401bff00000000000000000000000000000000000000000000,0000080400000040,,,82848b96,0c1218243048606c,,23010808180080203002000d009f08000000fdfffdff391cc7711c07,131,iPhone12_W
1625072399.498837,92:3e:4a:47:56:44,11,11,2d401bff00000000000000000000000000000000000000000000,0000080400000040,,,82848b96,0c1218243048606c,,23010808180080203002000d009f08000000fdfffdff391cc7711c07,131,iPhone12_W
1625072399.524561,56:3e:ff:7b:07:3a,1,3,2d401bff00000000000000000000000000000000000000000000,0000080400000040,,,82848b96,0c1218243048606c,,23010808180080203002000d009f08000000fdfffdff391cc7711c07,143,iPhone12_W
1625072399.54483,56:3e:ff:7b:07:3a,1,3,2d401bff00000000000000000000000000000000000000000000,0000080400000040,,,82848b96,0c1218243048606c,,23010808180080203002000d009f08000000fdfffdff391cc7711c07,143,iPhone12_W
1625072436.118544,86:89:9c:aa:66:43,1,3,2d401bff00000000000000000000000000000000000000000000,0000080400000040,,,82848b96,0c1218243048606c,,23010808180080203002000d009f08000000fdfffdff391cc7711c07,143,iPhone12_W
1625072436.140182,86:89:9c:aa:66:43,1,3,2d401bff00000000000000000000000000000000000000000000,0000080400000040,,,82848b96,0c1218243048606c,,23010808180080203002000d009f08000000fdfffdff391cc7711c07,143,iPhone12_W
1625072436.165343,da:e4:41:c5:fd:5d,11,11,2d401bff00000000000000000000000000000000000000000000,0000080400000040,,,82848b96,0c1218243048606c,,23010808180080203002000d009f08000000fdfffdff391cc7711c07,131,iPhone12_W
1625072436.185589,da:e4:41:c5:fd:5d,11,11,2d401bff00000000000000000000000000000000000000000000,0000080400000040,,,82848b96,0c1218243048606c,,23010808180080203002000d009f08000000fdfffdff391cc7711c07,131,iPhone12_W
1625072436.25799,46:90:dc:c0:db:ff,6,8,2d401bff00000000000000000000000000000000000000000000,0000080400000040,,,82848b96,0c1218243048606c,,23010808180080203002000d009f08000000fdfffdff391cc7711c07,143,iPhone12_W
1625072436.278248,46:90:dc:c0:db:ff,6,8,2d401bff00000000000000000000000000000000000000000000,0000080400000040,,,82848b96,0c1218243048606c,,23010808180080203002000d009f08000000fdfffdff391cc7711c07,143,iPhone12_W
1625072436.350957,b2:c1:65:c1:9f:e1,1,2,2d401bff00000000000000000000000000000000000000000000,0000080400000040,,,82848b96,0c1218243048606c,,23010808180080203002000d009f08000000fdfffdff391cc7711c07,143,iPhone12_W
1625072436.371223,b2:c1:65:c1:9f:e1,1,2,2d401bff00000000000000000000000000000000000000000000,0000080400000040,,,82848b96,0c1218243048606c,,23010808180080203002000d009f08000000fdfffdff391cc7711c07,143,iPhone12_W
1625072436.489152,12:8a:54:a7:f6:e6,1,1,2d401bff00000000000000000000000000000000000000000000,0000080400000040,,,82848b96,0c1218243048606c,,23010808180080203002000d009f08000000fdfffdff391cc7711c07,143,iPhone12_W
1625072436.509391,12:8a:54:a7:f6:e6,1,1,2d401bff00000000000000000000000000000000000000000000,0000080400000040,,,82848b96,0c1218243048606c,,23010808180080203002000d009f08000000fdfffdff391cc7711c07,143,iPhone12_W
1625072436.535028,b6:ad:ea:83:ab:12,6,7,2d401bff00000000000000000000000000000000000000000000,0000080400000040,,,82848b96,0c1218243048606c,,23010808180080203002000d009f08000000fdfffdff391cc7711c07,143,iPhone12_W
1625072436.581056,ba:1b:7e:55:ea:ff,6,5,2d401bff00000000000000000000000000000000000000000000,0000080400000040,,,82848b96,0c1218243048606c,,23010808180080203002000d009f08000000fdfffdff391cc7711c07,143,iPhone12_W
1625072436.627017,5a:99:6d:de:8f:e5,6,6,2d401bff00000000000000000000000000000000000000000000,0000080400000040,,,82848b96,0c1218243048606c,,23010808180080203002000d009f08000000fdfffdff391cc7711c07,143,iPhone12_W
1625072436.647299,5a:99:6d:de:8f:e5,6,6,2d401bff00000000000000000000000000000000000000000000,0000080400000040,,,82848b96,0c1218243048606c,,23010808180080203002000d009f08000000fdfffdff391cc7711c07,143,iPhone12_W
1625072436.761475,92:f3:b2:f1:da:59,1,1,2d401bff00000000000000000000000000000000000000000000,0000080400000040,,,82848b96,0c1218243048606c,,23010808180080203002000d009f08000000fdfffdff391cc7711c07,143,iPhone12_W
